{"header": {"source": "18.pdf", "university": "Humboldt State University", "college": "San Diego City College", "route": "Rangeland Resource Science B.S. - Wildland Soil Science Concentration"}, "sections": [{"section_name": "LOWER DIVISION", "info": "LOWER DIVISION\u2190 BIOL 210A - Introduction to the Biological Sciences I (4.00)", "articulations": [{"univ": [{"modifers": [], "course": "BOT 105"}], "cc": [{"modifers": [], "course": "No Course Articulated"}]}, {"univ": [{"modifers": [], "course": "CHEM 107"}], "cc": [{"modifers": [], "course": "CHEM 100"}]}, {"univ": [{"modifers": [], "course": "ESM 105"}], "cc": [{"modifers": [], "course": "No Course Articulated"}]}, {"univ": [{"modifers": [], "course": "GSP 101"}], "cc": [{"modifers": [], "course": "No Course Articulated"}]}, {"univ": [{"modifers": [], "course": "GSP 216"}], "cc": [{"modifers": [], "course": "No Course Articulated"}]}, {"univ": [{"modifers": [], "course": "GSP 270"}], "cc": [{"modifers": [], "course": "No Course Articulated"}]}, {"univ": [{"modifers": [], "course": "SOIL 260"}], "cc": [{"modifers": [], "course": "No Course Articulated"}]}, {"univ": [{"modifers": [], "course": "STAT 109"}], "cc": [{"modifers": [], "course": "No Course Articulated"}]}]}, {"section_name": "BOTANY EMPHASIS", "info": " Only lower division courses listed BOTANY EMPHASIS", "articulations": [{"univ": [{"modifers": [], "course": "FOR 130"}], "cc": [{"modifers": [], "course": "No Course Articulated"}]}], "next_relationship": "Or"}, {"section_name": "EARTH SCIENCES EMPHASIS", "info": " Only lower division courses listed EARTH SCIENCES EMPHASIS", "articulations": [{"univ": [{"modifers": [], "course": "GEOL 109"}], "cc": [{"modifers": [], "course": "GEOL 100"}, {"modifers": [], "course": "GEOL 101"}], "cc_relationship": "And"}], "next_relationship": "Or"}, {"section_name": "ECOLOGICAL RESTORATION EMPHASIS", "info": " **REFER TO TOP OF AGREEMENT** ECOLOGICAL RESTORATION EMPHASIS", "articulations": [], "next_relationship": "Or"}]}