{"header": {"source": "10.pdf", "university": "California Polytechnic University, Pomona", "college": "Santa Barbara City College", "route": "Early Childhood Studies, B.A."}, "sections": [{"section_name": "MAJOR REQUIRED", "info": "null", "articulations": [{"univ": [{"modifers": [], "course": "ECS 1000"}], "cc": [{"modifers": [], "course": "MAJOR REQUIRED\u2190 ECE 120"}]}, {"univ": [{"modifers": [], "course": "ECS 1100"}], "cc": [{"modifers": [], "course": "ECE 102"}]}, {"univ": [{"modifers": [], "course": "ECS 2100"}], "cc": [{"modifers": [], "course": "ECE 104"}], "next_relationship": "nan"}, {"univ": [{"modifers": [], "course": "ECS 2100"}], "cc": [{"modifers": [], "course": "ECE 104"}]}, {"univ": [{"modifers": [], "course": "ECS 2100"}], "cc": [{"modifers": [], "course": "ECE 104"}], "next_relationship": "nan"}, {"univ": [{"modifers": [], "course": "ECS 2100"}, {"modifers": [], "course": "ECS 2200"}], "cc": [{"modifers": [], "course": "ECE 104"}], "univ_relationship": "nan"}, {"univ": [{"modifers": [], "course": "ECS 2350"}], "cc": [{"modifers": [], "course": "ECE 108"}]}]}, {"section_name": "MAJOR REQUIRED ELECTIVES AND EMPHASIS", "info": "Select 18 - 23 Unit(s) from the followingMAJOR REQUIRED ELECTIVES AND EMPHASIS", "articulations": [{"univ": [{"modifers": [], "course": "ECS 1200"}], "cc": [{"modifers": [], "course": "ECE 121"}]}, {"univ": [{"modifers": [], "course": "ECS 2300"}], "cc": [{"modifers": [], "course": "ECE 132"}]}]}, {"section_name": "EARLY CHILDHOOD EQUITY AND PROGRAM ADMINISTRATION EMPHASIS", "info": "Select 17 Unit(s) from the followingEARLY CHILDHOOD EQUITY AND PROGRAM ADMINISTRATION EMPHASIS", "articulations": [{"univ": [{"modifers": [], "course": "ECS 2400"}], "cc": [{"modifers": [], "course": "No Course Articulated"}]}, {"univ": [{"modifers": [], "course": "ECS 2500"}], "cc": [{"modifers": [], "course": "No Course Articulated"}]}, {"univ": [{"modifers": [], "course": "ECS 2600"}], "cc": [{"modifers": [], "course": "No Course Articulated"}]}, {"univ": [{"modifers": [], "course": "EWS 2900"}], "cc": [{"modifers": [], "course": "No Course Articulated"}]}]}, {"section_name": "GENERAL EMPHASIS", "info": "Select 15 Unit(s) from the followingGENERAL EMPHASIS", "articulations": []}]}