{"header": {"source": "7.pdf", "university": "California State University, Fullerton", "college": "Santa Barbara City College", "route": "Ethnic Studies, B.A. - Chicana and Chicano Studies Concentration"}, "sections": [{"section_name": "LOWER DIVISION REQUIREMENTS", "info": "null", "articulations": [{"univ": [{"modifers": [], "course": "CHIC 101"}], "cc": [{"modifers": [], "course": "LOWER DIVISION REQUIREMENTS\u2190 BLST 103"}]}, {"univ": [{"modifers": [], "course": "CHIC 106"}], "cc": [{"modifers": [], "course": "No Course Articulated"}]}, {"univ": [{"modifers": [], "course": "CHIC 190"}], "cc": [{"modifers": [], "course": "No Course Articulated"}]}, {"univ": [{"modifers": [], "course": "CHIC 102"}], "cc": [{"modifers": [], "course": "No Course Articulated"}]}, {"univ": [{"modifers": [], "course": "CHIC 105"}], "cc": [{"modifers": [], "course": "No Course Articulated"}]}, {"univ": [{"modifers": [], "course": "CHIC 201"}], "cc": [{"modifers": [], "course": "No Course Articulated"}]}, {"univ": [{"modifers": [], "course": "CHIC 220"}], "cc": [{"modifers": [], "course": "No Course Articulated"}]}, {"univ": [{"modifers": [], "course": "CHIC 250"}], "cc": [{"modifers": [], "course": "No Course Articulated"}]}]}, {"section_name": "REQUIRED FOR GRADUATION", "info": "null", "articulations": [{"univ": [{"modifers": [], "course": "POSC 100"}], "cc": [{"modifers": [], "course": "REQUIRED FOR GRADUATION\u2190 POLS 101"}]}]}]}