{"header": {"source": "5.pdf", "university": "California State University, San Marcos", "college": "Santa Barbara City College", "route": "Nursing, All Options"}, "sections": [{"section_name": "SUPPORT COURSES", "info": "null", "articulations": [{"univ": [{"modifers": [], "course": "ANTH 200"}], "cc": [{"modifers": [], "course": "SUPPORT COURSES\u2190 ANTH 103"}]}, {"univ": [{"modifers": [], "course": "PSYC 100"}], "cc": [{"modifers": [], "course": "PSY 100"}, {"modifers": [], "course": "PSY 100H"}], "cc_relationship": "And"}]}]}