{"header": {"source": "4.pdf", "university": "California State University, Sacramento", "college": "Santa Barbara City College", "route": "Business Administration, BS"}, "sections": [{"section_name": "LOWER DIVISION MAJOR PREPARATION COURSES", "info": "null", "articulations": [{"univ": [{"modifers": [], "course": "ACCY 1"}], "cc": [{"modifers": [], "course": "LOWER DIVISION MAJOR PREPARATION COURSES\u2190 ACCT 230"}]}, {"univ": [{"modifers": [], "course": "ACCY 2"}], "cc": [{"modifers": [], "course": "ACCT 240"}]}, {"univ": [{"modifers": [], "course": "MATH 24"}], "cc": [{"modifers": [], "course": "MATH 130"}]}, {"univ": [{"modifers": [], "course": "MGMT 10"}], "cc": [{"modifers": [], "course": "BLAW 110"}]}, {"univ": [{"modifers": [], "course": "STAT 1"}], "cc": [{"modifers": [], "course": "MATH 117"}]}, {"univ": [{"modifers": [], "course": "nan"}], "cc": [{"modifers": [], "course": "COMP 107"}], "next_relationship": "Or"}, {"univ": [{"modifers": [], "course": "nan"}], "cc": [{"modifers": [], "course": "COMP 107"}]}, {"univ": [{"modifers": [], "course": "nan"}], "cc": [{"modifers": [], "course": "COMP 107"}], "next_relationship": "Or"}, {"univ": [{"modifers": [], "course": "MIS 2"}], "cc": [{"modifers": [], "course": "COMP 101"}, {"modifers": [], "course": "COMP 109"}], "cc_relationship": "Or"}, {"univ": [{"modifers": [], "course": "MIS 3"}], "cc": [{"modifers": [], "course": "COMP 101"}, {"modifers": [], "course": "COMP 112"}], "cc_relationship": "Or"}, {"univ": [{"modifers": [], "course": "MIS 10"}], "cc": [{"modifers": [], "course": "COMP 109"}]}]}, {"section_name": "REQUIRED FOR CONCENTRATION IN MANAGEMENT INFORMATION SYSTEMS", "info": "null", "articulations": [{"univ": [{"modifers": [], "course": "MIS 15"}], "cc": [{"modifers": [], "course": "REQUIRED FOR CONCENTRATION IN MANAGEMENT INFORMATION SYSTEMS\u2190 CIS 119"}]}]}]}