{"header": {"source": "2.pdf", "university": "California State University, Northridge", "college": "Santa Barbara City College", "route": "nan"}, "sections": [{"section_name": "LOWER DIVISION MAJOR PREPARATION COURSES", "info": "null", "articulations": [{"univ": [{"modifers": [], "course": "CTVA 100"}], "cc": [{"modifers": [], "course": "LOWER DIVISION MAJOR PREPARATION COURSES\u2190 COMM 171"}]}, {"univ": [{"modifers": [], "course": "CTVA 210"}], "cc": [{"modifers": [], "course": "FS 101"}, {"modifers": [], "course": "FS 101H"}], "cc_relationship": "Or"}, {"univ": [{"modifers": [], "course": "CTVA 220"}], "cc": [{"modifers": [], "course": "FS 173"}]}]}, {"section_name": "ADDITIONAL MAJOR PREPARATION COURSES", "info": "null", "articulations": [{"univ": [{"modifers": [], "course": "CTVA 240"}], "cc": [{"modifers": [], "course": "No Course Articulated"}]}, {"univ": [{"modifers": [], "course": "CTVA 250"}], "cc": [{"modifers": [], "course": "No Course Articulated"}]}, {"univ": [{"modifers": [], "course": "CTVA 260"}], "cc": [{"modifers": [], "course": "FP 165"}]}]}]}